"","category","subcategory","ID","Description","GeneRatio","BgRatio","RichFactor","FoldEnrichment","zScore","pvalue","p.adjust","qvalue","geneID","Count"
"hsa04820","Cellular Processes","Cell motility","hsa04820","Cytoskeleton in muscle cells","106/2162","233/9373",0.454935622317597,1.97229953190695,8.2290779519989,1.92016453382489e-14,6.6821725777106e-12,4.85094198018919e-12,"1756/8736/25802/477/4629/131873/171024/2273/3679/161176/1301/7111/6711/8082/633/83660/1311/137868/3680/287/4001/7140/23500/3908/825/482/10398/51778/84823/93661/114793/23345/7138/4619/29767/4621/72/7170/1730/2318/2335/6445/1634/1674/7094/8910/27295/81624/9172/3672/25777/11155/56776/7414/3655/7431/57644/23224/478/270/1277/6443/6442/6645/2026/1288/7273/1289/1465/255631/6382/3688/2201/127294/4604/284217/3339/2199/1285/7137/4620/84676/1466/4634/2192/8572/1286/58498/1290/165904/6444/84033/4633/1837/84675/256076/7060/3696/58529/7125/1278/1281/7139/442721/7136/58",106
"hsa04519",NA,NA,"hsa04519","Cadherin signaling","154/2162","404/9373",0.381188118811881,1.65257920334124,7.34172540391841,2.67965352665169e-12,4.66259713637395e-10,3.38482550734951e-10,"6330/2563/1956/2564/10186/6327/22808/5101/117532/4233/51421/56112/154810/1010/28316/8322/6331/2196/55800/64072/23500/79633/56121/54510/56099/56113/10413/55851/5499/1003/56100/8777/6934/7003/60485/2260/7481/121391/28513/26167/29119/5602/56131/2557/2324/1674/283446/56109/5156/1012/56111/2565/56110/5317/9475/1828/1951/259236/56130/56124/56105/27328/56107/83439/7414/26524/3856/1823/7431/11187/2535/8324/51176/2195/3791/56132/56102/3875/57526/56125/2555/126374/166336/22800/7855/3880/25937/56129/3852/5098/8641/3861/56103/8688/8642/84152/56108/64405/10518/5881/2568/54798/7480/1002/1000/1008/5603/147798/2560/56101/27253/117531/26025/56123/8313/1006/7477/375323/57717/65217/1825/147409/120114/8326/3857/390792/10451/125115/9620/56106/7484/56145/6932/2558/2562/9119/1830/56139/2567/1013/3872/338785/2064/7475/374454/1005/3848/3866/3881/3854/286887/10083/999/3868",154
"hsa04080","Environmental Information Processing","Signaling molecules and interaction","hsa04080","Neuroactive ligand-receptor interaction","140/2162","370/9373",0.378378378378378,1.64039802985224,6.88182240916547,5.14970854708835e-11,5.97366191462248e-09,4.33659667123229e-09,"148/2904/2563/3953/154/117/2690/2914/3952/2564/554/1910/4887/6751/10316/9340/2908/80763/6343/5179/6344/3973/7068/7425/6869/1901/2918/5737/2893/1395/8973/5745/3061/3356/1908/10161/5021/66004/7067/5734/3352/9127/5746/257313/1268/2557/1812/1906/1813/7252/2565/84634/153/1511/2587/1139/552/2894/4889/799/79924/7432/2906/79627/9934/2890/283869/5729/150/133/718/4828/2555/9170/2897/5733/10874/1907/3360/2892/2903/2917/6863/344838/7433/3814/53829/27346/1902/4142/2740/4922/151/7253/51289/51052/185/1081/5540/2568/155/7349/1134/2560/55584/147/10911/2796/9248/2837/79957/5031/57105/59350/4829/1131/10203/1135/5697/5732/2642/2558/2562/10888/2901/4923/2567/1128/8001/6752/2847/5645/6870/7434/5644/1141/2151/2902/7200/4886",140
"hsa05034","Human Diseases","Substance dependence","hsa05034","Alcoholism","82/2162","191/9373",0.429319371727749,1.86124443626466,6.58446821775158,6.35555293874759e-10,5.14329957960775e-08,3.73379279826334e-08,"2904/4915/2770/3014/8357/4128/9586/2791/111/3015/8329/3017/9555/8356/2354/8348/51764/8294/9759/5499/8338/8344/54331/4129/8340/8360/8358/8336/90993/8365/8363/85236/1812/8362/1813/8347/8343/8370/8331/53358/8349/8367/148327/8341/8332/2906/8970/8352/8345/8339/8334/2788/2903/8337/317772/55970/440689/3012/8968/8342/723790/84152/8364/8335/627/8366/8355/554313/8346/2785/5569/8969/94235/653604/9734/85235/8353/8350/810/6571/399694/2902",82
"hsa04060","Environmental Information Processing","Signaling molecules and interaction","hsa04060","Cytokine-cytokine receptor interaction","115/2162","298/9373",0.385906040268456,1.6730329858632,6.46498322042828,7.38979824656286e-10,5.14329957960775e-08,3.73379279826334e-08,"3977/85480/3953/2662/130399/6358/2690/2920/3952/8793/7048/3590/353500/651/3624/90865/6356/6360/6387/6376/8784/1271/654/650/4352/1896/2921/3579/6369/4838/2660/653/56477/84957/50615/6366/4804/943/29949/3570/27190/92/3604/285613/1489/53342/3459/8200/6368/1440/10913/94/3554/3627/51554/3589/1435/3569/1237/6373/9547/7292/6354/7293/1524/57007/146433/60401/5473/58985/3625/27242/8792/7133/6374/658/246778/282617/9518/6357/6372/282616/5196/338376/51330/5197/2919/8807/282618/7852/5008/1270/59067/50604/268/3574/11009/8809/151449/3581/10563/2056/3592/3593/8808/4283/9173/4050/53832/4049/959/6355/6364/608/3575",115
"hsa05322","Human Diseases","Immune disease","hsa05322","Systemic lupus erythematosus","65/2162","143/9373",0.454545454545455,1.97060802287444,6.40408786699571,2.38565795010807e-09,1.38368161106268e-07,1.00448755794024e-07,"2904/3014/8357/3015/8329/3017/9555/8356/8348/6628/1991/8294/8338/8344/8340/8360/8358/8336/8365/8363/85236/8362/2209/8347/8343/8370/8331/1511/730/8349/8367/8341/941/729/8332/8970/8352/718/8345/8339/8334/2903/8337/317772/440689/3012/8968/8342/723790/8364/8335/8366/8355/554313/8346/715/716/8969/653604/2214/85235/8353/8350/959/721",65
"hsa04020","Environmental Information Processing","Signal transduction","hsa04020","Calcium signaling pathway","100/2162","254/9373",0.393700787401575,1.70682584658416,6.25319410027415,2.80441201856653e-09,1.39419340351593e-07,1.01211862324206e-07,"2277/148/2904/2774/4915/154/1956/6263/1910/5137/2246/10345/4233/3973/196883/6869/80310/2247/845/5737/3706/4638/5260/5261/4916/89869/4842/3356/5578/5021/2260/9127/2324/85366/1812/8536/5156/2252/5136/153/23236/1139/552/2255/3270/2906/2254/3082/5153/3791/5336/114/5733/109/493/3360/2903/340156/3709/8822/6261/4486/3708/4773/8913/444/2250/56034/5154/185/489/155/147/7852/6547/51196/5350/2065/5979/55283/57105/1131/2261/8823/4923/1950/26281/1128/7125/6262/491/2064/2264/810/6870/776/7039/952/8912/2902",100
"hsa04518",NA,NA,"hsa04518","Integrin signaling","67/2162","154/9373",0.435064935064935,1.88615339332268,6.07118678880194,1.23234103023519e-08,5.36068348152308e-07,3.89160325337429e-07,"2277/3381/7148/131873/158326/55679/1956/3679/5649/4233/3479/83660/1311/5295/3680/80310/7450/10979/3908/55742/3384/3909/9459/2335/3914/894/2324/7094/5156/10000/3672/3915/7414/3655/63923/3082/1277/3791/718/6696/1288/3611/3910/1758/55612/3688/56034/5154/284217/1285/5881/80144/10319/1286/7143/3918/255743/256076/7060/3696/1950/1278/2064/2266/999/2243/2244",67
"hsa04517",NA,NA,"hsa04517","IgSF CAM signaling","111/2162","299/9373",0.37123745819398,1.60943972971886,5.86425985549565,1.86212618596061e-08,7.20022125238102e-07,5.22702087287188e-07,"4629/58494/10580/64221/5063/2308/6711/54538/145581/6586/5295/287/3737/2037/79827/4638/4916/342035/55243/3742/57863/4684/22871/10398/5803/91584/3736/25945/3384/30835/8777/9223/5578/347733/7225/3739/2260/10298/5819/10381/78999/9353/5602/85366/84631/219699/57502/9693/7430/10000/84617/5375/83700/57144/7414/941/94030/5777/11141/80852/117178/54413/84790/3791/4359/5336/5802/8829/81928/90952/8541/22865/2534/340156/4155/26047/10332/80059/253559/1272/23114/3688/84612/4133/1000/347688/26050/5603/8499/117157/4868/1630/9414/26280/139065/10451/113457/57524/5588/81607/112714/3897/6900/90249/201633/137970/4099/2266/999/2243/2244",111
"hsa04024","Environmental Information Processing","Signal transduction","hsa04024","cAMP signaling pathway","89/2162","226/9373",0.393805309734513,1.70727898618945,5.89320938865788,2.07206924286379e-08,7.21080096516598e-07,5.23470124512957e-07,"4881/2904/477/154/117/5348/2770/3991/9586/6751/338442/111/3973/196883/5295/486/10411/8843/5727/610/2893/64411/5465/1395/482/10398/5499/5337/1908/5021/5140/2353/3352/90993/1080/5602/1259/1812/1906/1813/7252/153/9475/10000/3725/7432/148327/2906/2890/64399/478/114/22800/5733/109/493/1907/3360/2892/2903/112/2740/7253/3776/84152/5139/2735/1081/627/7137/489/5881/51196/5350/268/64208/27198/10451/56670/5732/1128/6262/6752/491/810/7434/776/2902/4886",89
"hsa04923","Organismal Systems","Endocrine system","hsa04923","Regulation of lipolysis in adipocytes","32/2162","59/9373",0.542372881355932,2.35136957305696,5.70135734613035,2.00150402473341e-07,6.33203091461116e-06,4.59675565489014e-06,"4881/364/154/2770/2167/5346/3991/63924/111/196883/5295/8660/11343/5140/57104/7252/153/5743/10000/114/5733/109/8471/112/11145/7253/1081/155/3667/5593/54979/4886",32
"hsa03320","Organismal Systems","Endocrine system","hsa03320","PPAR signaling pathway","38/2162","76/9373",0.5,2.16766882516189,5.5963040650563,2.49073293043695e-07,7.22312549826716e-06,5.24364827460411e-06,"364/33/4023/10580/948/729359/5468/2167/5346/5105/9370/1581/4312/5465/2180/6258/51129/2182/1962/28965/5360/51703/1582/4973/3611/10873/123/2172/2173/4199/81616/440503/7350/2171/9415/335/3158/6319",38
"hsa04061","Environmental Information Processing","Signaling molecules and interaction","hsa04061","Viral protein interaction with cytokine and cytokine receptor","46/2162","100/9373",0.46,1.99425531914894,5.47310815241665,3.34030605386747e-07,8.94174235958368e-06,6.49128301966148e-06,"6358/2920/8793/6356/6360/6387/6376/2921/3579/6369/56477/6366/29949/3570/6368/3627/51554/1435/3569/1237/6373/9547/6354/1524/57007/146433/5473/58985/7133/6374/6357/6372/5196/5197/2919/8807/7852/50604/11009/8809/10563/4283/53832/4049/6355/6364",46
"hsa04514","Environmental Information Processing","Signaling molecules and interaction","hsa04514","Cell adhesion molecule (CAM) interaction","65/2162","160/9373",0.40625,1.76123092044403,5.31767894590967,4.49068005159277e-07,1.11625475568163e-05,8.10348279986665e-06,"58494/5010/947/7122/64115/3680/149461/57863/4684/22871/25945/3384/1003/5175/9071/5797/5819/9378/6403/9075/84631/57502/83700/83692/3655/941/94030/51208/54413/4359/5802/90952/644672/22865/9080/23562/1366/26047/6382/1272/23114/3688/927/1002/1000/26050/257194/80380/9073/1365/139065/10686/3696/5133/1013/933/3897/1364/6900/959/201633/29851/4099/6401/999",65
"hsa04510","Cellular Processes","Cellular community - eukaryotes","hsa04510","Focal adhesion","78/2162","203/9373",0.38423645320197,1.66579476219337,5.25109605157102,5.05116063044246e-07,1.17186926626265e-05,8.50721790390309e-06,"2277/3381/7148/857/858/131873/4660/1956/3679/5649/5063/4233/3479/83660/1311/5295/3680/80310/7450/859/2012/4638/3908/55742/10398/5499/5578/10298/3909/5602/2335/3914/894/2324/85366/7094/8395/5156/53358/9475/10000/3672/3915/3725/57144/7414/3655/63923/3082/1277/3791/6696/1288/3611/2534/340156/3910/394/3688/56034/5154/284217/1285/5881/10319/1286/58498/7143/10451/3918/4633/256076/7060/3696/1950/1278/2064/399694",78
"hsa05414","Human Diseases","Cardiovascular disease","hsa05414","Dilated cardiomyopathy","47/2162","105/9373",0.447619047619048,1.94057971014493,5.30693147658945,6.72215448543178e-07,1.46206860058141e-05,1.06139281348923e-05,"1756/3679/111/8082/3479/196883/137868/3680/859/3908/4842/784/7170/781/6445/1674/8910/153/3672/3655/6443/114/6442/6645/109/7273/112/785/3688/284217/7137/489/27091/6547/4634/5350/55799/6444/4633/1837/27092/3696/786/6262/7139/776/59285",47
"hsa04081",NA,NA,"hsa04081","Hormone signaling","82/2162","219/9373",0.374429223744292,1.62327711108013,5.11027202553614,9.06116113680562e-07,1.85190937191258e-05,1.34439881808536e-05,"148/4881/3953/154/6777/2690/3952/2770/554/6751/2791/111/5179/3479/3973/7068/9370/196883/6776/5295/4882/10411/4093/2100/1395/4352/5745/51764/8660/3061/4842/54331/5021/7067/53919/1812/1813/7252/153/10267/23236/552/799/7432/3481/150/114/109/2788/8471/7433/55970/112/6567/2740/4883/151/7253/658/51052/185/1081/155/7349/3667/147/2785/2796/268/5744/94235/2984/2852/1733/5593/2056/2642/6752/2847/57817/7434/7200",82
"hsa04151","Environmental Information Processing","Signal transduction","hsa04151","PI3K-Akt signaling pathway","123/2162","362/9373",0.339779005524862,1.4730567154415,5.02605503121503,9.57884157885816e-07,1.85190937191258e-05,1.34439881808536e-05,"2277/3381/7148/131873/4915/1956/3679/51378/2690/5649/9586/2791/284/2246/5105/4233/3479/1311/5295/3680/80310/2247/10110/7450/3815/3908/9048/51764/7010/1969/54331/9223/5578/10161/7099/2260/3909/90993/5521/2335/3914/894/2324/5156/2252/4804/5519/10000/3570/6446/2998/3672/3915/898/2255/9134/3655/148327/63923/4908/2254/3082/1440/3481/1943/1435/3569/1277/3791/9170/6696/4609/1288/2788/3164/1978/3910/1944/55970/8822/1902/4909/3688/2250/56034/5154/284217/1945/627/1285/3667/1021/5008/2785/5522/10319/1946/1286/2065/3574/5979/94235/7143/2261/3918/2056/57818/8823/256076/7060/3696/1950/26281/1128/253314/1278/2064/2264/7039/2069/3575/4602/374",123
"hsa04512","Environmental Information Processing","Signaling molecules and interaction","hsa04512","ECM-receptor interaction","41/2162","89/9373",0.460674157303371,1.99717801868848,5.17542919019696,1.37397283455176e-06,2.51653971802111e-05,1.82688908749264e-05,"3381/7148/131873/158326/948/3679/3161/5649/1311/9899/3680/7450/3908/22987/3909/2335/3914/3672/3915/3655/63923/1277/6696/1288/3910/1758/6382/3688/284217/3339/1285/80144/10319/1286/7143/3918/255743/256076/7060/3696/1278",41
"hsa04613","Organismal Systems","Immune system","hsa04613","Neutrophil extracellular trap formation","74/2162","195/9373",0.37948717948718,1.64520505704595,4.98525386277758,1.71063926465562e-06,2.97651232050078e-05,2.16080749219657e-05,"3014/8357/3015/5295/8329/820/7450/3017/9555/8356/8348/1991/8294/9759/8338/8344/5578/7099/8340/8360/8358/8336/8365/6403/8363/85236/8362/2209/8347/8343/8370/8331/23236/1511/8349/10000/8367/8341/8332/8970/8352/718/5336/8345/8339/8334/4353/1183/8337/1378/317772/440689/3012/8968/834/8342/723790/8364/8335/8366/8355/554313/5603/8346/8969/653604/2214/9734/85235/8353/8350/2266/2243/2244",74
"hsa04014","Environmental Information Processing","Signal transduction","hsa04014","Ras signaling pathway","86/2162","238/9373",0.361344537815126,1.56655057952876,4.84751462251733,2.73776149075455e-06,4.53686189896469e-05,3.29354765805059e-05,"2277/2904/4915/1956/51378/5063/22808/2791/284/4303/2246/4233/3479/5295/80310/2247/23179/2114/3815/5321/51764/7010/1969/5337/54331/5578/2260/10298/8844/5602/2324/5156/2252/4804/53358/10000/2255/57144/4908/2254/3082/3481/10156/1943/1435/3791/5336/22800/5924/2788/22821/5322/2903/1944/57186/55970/8822/100271927/11145/4909/2250/56034/2113/5154/1945/627/5881/5320/10235/2785/51196/1946/94235/283748/8681/2261/255189/8823/1950/26281/2264/810/7039/54979/399694/2902",86
"hsa05412","Human Diseases","Cardiovascular disease","hsa05412","Arrhythmogenic right ventricular cardiomyopathy","39/2162","86/9373",0.453488372093023,1.96602521351892,4.92772203071198,3.99236607522639e-06,6.3151972462672e-05,4.58453520600159e-05,"1756/3679/8082/137868/3680/859/3908/4842/6934/784/781/29119/6445/1674/8910/3672/83439/3655/51176/6443/6442/6645/785/3688/284217/489/1000/27091/6547/55799/6444/1837/6932/27092/3696/786/6262/776/59285",39
"hsa04970","Organismal Systems","Digestive system","hsa04970","Salivary secretion","41/2162","93/9373",0.440860215053763,1.91127788885242,4.83575796576608,5.47236318660284e-06,8.27992343016429e-05,6.01083370610838e-05,"148/477/154/6263/1469/111/196883/820/1470/486/482/4842/1472/5578/153/23236/280/478/2982/114/109/493/3709/683/112/3708/1473/3778/155/147/4586/2977/1131/5593/4589/1755/491/810/362/952/727897",41
"hsa04360","Organismal Systems","Development and regeneration","hsa04360","Axon guidance","69/2162","184/9373",0.375,1.62575161887142,4.69378296617576,6.15418955973067e-06,8.92357486160947e-05,6.4780942734007e-05,"2770/64221/56920/5063/1020/3983/4233/1073/6387/6586/1808/5295/91653/223117/1072/5727/56963/2047/80031/10398/91584/1969/5578/7225/2051/10298/57556/10371/9353/1947/7220/219699/29984/9475/2043/22885/57144/1943/5336/10512/8829/9037/3611/2045/2534/1944/8482/2046/4773/59277/3688/658/1945/1949/5881/84612/9723/7852/2044/1946/27289/1630/151449/5590/285220/3897/90249/2042/137970",69
"hsa04610","Organismal Systems","Immune system","hsa04610","Complement and coagulation cascades","39/2162","88/9373",0.443181818181818,1.92134282230258,4.75464258559129,7.90354823165931e-06,0.000110017391384698,7.98674347620309e-05,"5648/2159/5627/7035/2157/2161/1675/7450/5624/2152/5329/10747/722/730/2/710/3426/729/718/3075/1378/7056/3053/725/5345/715/11326/716/2162/1191/2155/5054/629/721/2266/2151/1380/2243/2244",39
"hsa04022","Environmental Information Processing","Signal transduction","hsa04022","cGMP-PKG signaling pathway","63/2162","166/9373",0.379518072289157,1.64533898777348,4.5933454977159,9.88889403933442e-06,0.000132359043295707,9.60864198153952e-05,"148/4881/5138/477/154/2770/1910/9586/111/196883/4882/486/4638/482/8660/10398/3779/5499/5140/7225/90993/1259/3764/4208/85366/153/23236/10335/5997/9475/10000/8654/148327/478/2982/150/114/109/493/10242/8471/340156/3709/112/3708/4773/151/5139/185/489/3778/155/3667/147/6547/5350/2977/5593/491/157855/810/776/2626",63
"hsa05410","Human Diseases","Cardiovascular disease","hsa05410","Hypertrophic cardiomyopathy","42/2162","99/9373",0.424242424242424,1.83923415468281,4.59635367318581,1.35967197771757e-05,0.000175246610461376,0.000127220769844919,"1756/3679/8082/3479/137868/3680/859/3908/4842/784/7170/781/6445/1674/8910/1906/3672/3655/3569/6443/6442/6645/7273/785/3688/284217/7137/489/27091/6547/4634/55799/6444/4633/1837/27092/3696/786/6262/7139/776/59285",42
"hsa04924","Organismal Systems","Endocrine system","hsa04924","Renin secretion","32/2162","69/9373",0.463768115942029,2.0105913740632,4.61329809918684,1.64040840677219e-05,0.000199054306484883,0.000144504033745831,"4881/154/117/358/2770/5137/22802/111/1908/5140/5734/3759/1906/5136/153/23236/5153/2982/1907/3709/112/3708/5139/9635/185/3778/155/2977/5593/5732/810/776",32
"hsa04082",NA,NA,"hsa04082","Neuroactive ligand signaling","72/2162","199/9373",0.361809045226131,1.56856437599654,4.43887640009515,1.65878588737402e-05,0.000199054306484883,0.000144504033745831,"148/2904/2563/2774/6530/57030/154/2914/2564/2770/2791/64805/111/5179/196883/6869/2918/2893/8973/51764/3356/54331/5578/3352/9127/2557/6512/1812/1813/2565/153/23236/1139/2906/79627/9934/2890/150/114/2555/2897/109/2788/3360/6507/2892/2903/2917/6863/63910/53829/55970/112/151/6536/2568/2560/147/2785/94235/5031/1131/2558/2562/2901/2567/1128/8001/6870/6571/1141/2902",72
"hsa04713","Organismal Systems","Environmental adaptation","hsa04713","Circadian entrainment","41/2162","97/9373",0.422680412371134,1.83246230580696,4.51249061580315,1.90858164245577e-05,0.00022139547052487,0.000160722664627855,"2904/117/5187/6263/2770/2791/111/196883/2893/51764/4842/54331/5578/2353/23236/8864/51655/2906/2890/2982/114/109/2788/2892/2903/8863/55970/112/6261/3708/8913/2785/94235/3763/2977/5593/6262/810/776/8912/2902",41
"hsa04015","Environmental Information Processing","Signal transduction","hsa04015","Rap1 signaling pathway","75/2162","212/9373",0.35377358490566,1.53372794233152,4.30390489465095,2.73285454210378e-05,0.000306784961500683,0.000222711405808118,"2277/2904/1956/51378/2770/22808/284/2246/111/4233/3479/83660/196883/5295/80310/2247/10411/64411/3815/5608/7010/1969/5587/9223/5578/2260/1268/2324/7094/5156/2252/4804/1813/9693/23236/10000/2255/2254/3082/1943/1435/3791/114/9170/109/54518/2903/23683/9732/1944/8822/112/1902/3688/2250/56034/5154/1945/5881/84612/5603/10235/51196/1946/2261/10451/5590/8823/1950/26281/5909/2264/810/2902/999",75
"hsa05032","Human Diseases","Substance dependence","hsa05032","Morphine addiction","38/2162","91/9373",0.417582417582418,1.81036077705828,4.25328577223706,5.25315969489288e-05,0.000571281116819601,0.000414723133807333,"5138/2563/2564/2770/5137/2791/111/196883/50940/27115/51764/54331/2869/5578/5140/157/2557/1812/5136/2565/408/5153/8622/114/2555/109/2788/55970/112/5139/2568/2560/2785/94235/3763/2558/2562/2567",38
"hsa04390","Environmental Information Processing","Signal transduction","hsa04390","Hippo signaling pathway","58/2162","157/9373",0.369426751592357,1.60158970521515,4.16222186072023,5.44738793134602e-05,0.000574451818214671,0.00041702491340448,"332/7048/353500/2246/79981/8322/654/650/10413/5499/3993/6934/7003/60485/7481/653/5521/29119/894/27113/5519/1740/83439/26524/8200/2535/8324/51176/126374/4609/7855/286204/23418/25937/2736/154796/658/1741/84612/7480/6591/122786/5522/8313/268/7477/8326/174/151449/5590/85409/7484/6932/5054/7475/166824/999/374",58
"hsa05033","Human Diseases","Substance dependence","hsa05033","Nicotine addiction","21/2162","41/9373",0.51219512195122,2.2205387965073,4.28847012436344,7.78455285541341e-05,0.000796771880495255,0.000578418788018334,"2904/2563/57030/2564/2893/8973/2557/2565/1139/2906/2890/2555/2892/2903/2568/2560/2558/2562/2567/1141/2902",21
"hsa04010","Environmental Information Processing","Signal transduction","hsa04010","MAPK signaling pathway","97/2162","300/9373",0.323333333333333,1.40175917360469,3.8725515796298,0.000120134683265686,0.0011944819936131,0.000867137563421491,"2277/4915/1956/51378/7048/22808/284/2246/4233/3479/80310/2247/3815/5321/9048/5608/3925/7010/1969/7186/51776/5578/1848/6196/2353/2260/1843/784/781/5602/2122/4208/2324/5156/2252/4804/1326/9693/10000/23542/408/2255/3725/4908/2254/3082/3554/3481/6197/1943/1435/3791/22800/5924/4609/3315/3164/1944/55970/8822/785/4909/3310/8913/2250/56034/4217/5154/1945/627/5881/5603/27091/10235/10912/1946/2065/5979/283748/84867/55799/8681/2261/255189/8823/27092/786/1950/26281/2064/2264/776/7039/8912/2069/374/59285",97
"hsa04270","Organismal Systems","Circulatory system","hsa04270","Vascular smooth muscle contraction","50/2162","134/9373",0.373134328358209,1.61766330235962,3.94310145674368,0.000130246896098089,0.00125905332894819,0.000914013305951499,"148/4881/4629/94274/4660/111/196883/4882/4638/5321/10398/3779/5499/1908/5578/59/72/85366/1906/10267/23236/10335/9475/552/79924/2982/133/114/109/1907/10242/5322/340156/3709/112/800/3708/185/3778/5320/147/283748/2977/8681/10203/255189/5588/157855/810/776",50
"hsa00350","Metabolism","Amino acid metabolism","hsa00350","Tyrosine metabolism","19/2162","37/9373",0.513513513513513,2.22625446908518,4.09210982301689,0.000162748779373589,0.00153071824924349,0.00111122921905153,"124/126/8639/1638/127/4128/125/316/314/4129/218/259307/7173/130/3242/6898/7306/131/222",19
"hsa04530","Cellular Processes","Cellular community - eukaryotes","hsa04530","Tight junction","60/2162","170/9373",0.352941176470588,1.53011917070251,3.81926239336457,0.00018105654310138,0.00165809676313895,0.00120370000953826,"4629/58494/5010/7122/51421/154810/149461/10398/11346/5111/3993/8777/9223/9071/1080/5521/5602/9075/9693/7430/9475/5519/1740/8531/83700/3725/92359/51208/79778/84790/644672/9080/27134/23562/1366/54566/154796/3688/4217/1741/84612/5522/9073/91862/9414/1365/84952/911/5590/113457/4633/153562/112714/10686/2064/1364/776/909/57530/2626",60
"hsa04261","Organismal Systems","Circulatory system","hsa04261","Adrenergic signaling in cardiomyocytes","55/2162","154/9373",0.357142857142857,1.54833487511563,3.7567349792105,0.000234163965548865,0.00208946307720525,0.0015168515986971,"148/6330/477/154/2770/9586/111/196883/6331/5502/486/10411/3753/482/5499/6332/5578/90993/784/7170/781/5521/153/23236/5519/10000/148327/478/114/109/493/112/785/3776/185/7137/489/5603/27091/147/6547/5522/4634/5350/55799/64208/4633/27092/786/6262/491/7139/810/776/59285",55
"hsa00830","Metabolism","Metabolism of cofactors and vitamins","hsa00830","Retinol metabolism","29/2162","68/9373",0.426470588235294,1.8488939979322,3.84676776002484,0.000254686637564795,0.00221577374681371,0.00160854718461976,"124/8854/8630/126/5959/127/125/216/316/1576/220/130/56603/54884/6121/9249/1562/8608/1543/9227/7364/339761/54490/54577/10720/1548/7363/131/195814",29
"hsa05144","Human Diseases","Infectious disease: parasitic","hsa05144","Malaria","23/2162","50/9373",0.46,1.99425531914894,3.8596801834785,0.000289553531053116,0.00245767387332889,0.00178415526194475,"948/4233/1311/3043/2995/3040/4035/2532/5175/7099/6403/3082/1440/3039/3569/1378/6382/22914/3820/3592/7060/959/6401",23
"hsa05202","Human Diseases","Cancer: overview","hsa05202","Transcriptional misregulation in cancer","66/2162","201/9373",0.328358208955224,1.42354370607646,3.32361319984176,0.000886700689876589,0.00727585334144252,0.00528192620068423,"7704/5468/7048/8357/2308/890/7102/4233/3479/2078/862/3205/581/8356/604/1991/6258/4005/1848/8358/79058/4208/894/4804/2209/2313/4094/8864/4211/1050/5077/4318/3569/8352/7490/3206/2119/4609/4286/4353/2892/51513/51804/221037/6935/8968/8013/3195/5154/2115/9915/3248/1031/8355/6692/10912/64332/4314/171558/1053/653604/2138/8842/8353/8350/5081",66
"hsa04814","Cellular Processes","Cell motility","hsa04814","Motor proteins","64/2162","194/9373",0.329896907216495,1.43021448258104,3.31538862626254,0.00091977687070634,0.00727585334144252,0.00528192620068423,"24137/4629/57519/3833/146909/11004/10112/92558/9928/3832/9493/56992/7140/1770/1062/3835/10398/81930/93661/7138/347733/4619/59/55083/4621/90990/10381/23026/72/7170/283446/79659/127602/84617/25981/4648/1780/57644/1768/26153/4649/347240/84790/3834/57576/7137/347688/1783/124602/4620/80022/4634/58498/113457/4633/146439/112714/7125/53904/7139/547/7136/113220/58",64
"hsa04926","Organismal Systems","Endocrine system","hsa04926","Relaxin signaling pathway","46/2162","130/9373",0.353846153846154,1.53404255319149,3.35727796600554,0.000919935479952503,0.00727585334144252,0.00528192620068423,"2277/1956/4322/2770/7048/1910/9586/2791/111/196883/5295/4312/51764/4842/54331/5578/2353/59/90993/5602/1906/23236/53358/10000/408/3725/148327/4318/1277/114/109/1288/2788/55970/112/51289/1285/5603/2785/1286/94235/59350/5590/1278/1281/399694",46
"hsa05218","Human Diseases","Cancer: specific types","hsa05218","Melanoma","29/2162","73/9373",0.397260273972603,1.72225742273136,3.39201845617005,0.00103459968485949,0.00800090422958005,0.0058082789325445,"1956/1869/2246/4233/3479/5295/80310/2247/581/1870/2260/5156/2252/10000/2255/2254/3082/1029/4286/8822/2250/56034/5154/1021/10912/8823/1950/26281/999",29
"hsa04382",NA,NA,"hsa04382","Cornified envelope formation","70/2162","217/9373",0.32258064516129,1.39849601623348,3.25197498342586,0.00108561151868788,0.00821288714137788,0.0059621685236863,"667/5010/7122/149461/84283/5493/9071/388697/2312/121391/3909/5521/9075/3914/5317/1828/5519/3655/3856/1823/11187/51208/2125/57402/3875/1288/644672/3880/9080/1308/23562/1366/204219/388698/3852/3861/8688/1285/6705/5522/1286/6768/9073/147409/5652/1365/3857/23581/390792/3918/125115/9333/6283/10686/9119/1830/3872/338785/374454/1364/3848/3866/126410/3881/3854/286887/3713/26154/338324/3868",70
"hsa04921","Organismal Systems","Endocrine system","hsa04921","Oxytocin signaling pathway","52/2162","154/9373",0.337662337662338,1.46388024556387,3.17812202681264,0.00150400574509782,0.0111360425381711,0.00808424140702074,"4881/4660/1956/6263/2770/111/196883/4882/4638/5321/10398/1827/5499/5578/5021/2353/784/3759/781/4208/85366/8536/23236/5997/9475/5743/3725/2982/114/109/340156/3709/112/6261/785/3708/4773/27091/3768/3763/283748/55799/2977/8681/255189/27092/786/6262/810/776/952/59285",52
"hsa04972","Organismal Systems","Digestive system","hsa04972","Pancreatic secretion","37/2162","102/9373",0.362745098039216,1.5726224809998,3.18384140727574,0.0016892733960086,0.0122472321210624,0.0088909126105716,"1357/477/22802/111/6343/6344/196883/486/482/8671/5578/1080/7220/1358/23236/280/478/114/109/493/5322/3709/683/112/3708/9635/489/3778/5320/5408/1131/1811/6262/491/5645/952/5644",37
"hsa04724","Organismal Systems","Nervous system","hsa04724","Glutamatergic synapse","41/2162","116/9373",0.353448275862069,1.53231761778685,3.15871861443663,0.00174165628114431,0.0123693139966983,0.00897953829161404,"2904/57030/2914/2770/2791/111/196883/2918/85358/2893/5321/51764/5337/54331/5578/157/7220/6512/23236/2906/2890/114/2897/109/2788/6507/2892/2903/2917/3709/55970/112/3708/2785/94235/283748/8681/255189/2901/776/2902",41
"hsa05224","Human Diseases","Cancer: specific types","hsa05224","Breast cancer","50/2162","148/9373",0.337837837837838,1.46464109808236,3.11969062855726,0.00181123589817803,0.0126062018513191,0.0091515076960574,"1956/1869/2246/3479/8322/5295/2247/4855/581/2100/1870/3815/6934/2353/2260/7481/2324/2252/53358/10000/2255/3725/83439/2254/2535/8324/51176/4609/28514/7855/8822/675/2250/7480/23493/1021/10912/8313/7477/8326/7484/8823/10683/6932/1950/26281/2064/7475/399694/5241",50
"hsa04974","Organismal Systems","Digestive system","hsa04974","Protein digestion and absorption","37/2162","103/9373",0.359223300970874,1.55735430157262,3.11427055483861,0.00206127725537199,0.0140651859778324,0.0102106613269201,"1357/84570/1300/477/4311/131873/1301/486/7512/59272/482/7373/1358/1803/5222/478/1277/1288/169044/1308/153201/1289/255631/81578/1285/6547/1286/1306/91522/1290/340267/256076/1278/1281/5645/5644/1310",37
"hsa04520","Cellular Processes","Cellular community - eukaryotes","hsa04520","Adherens junction","34/2162","93/9373",0.365591397849462,1.58496215173127,3.10414135963337,0.00219601957528355,0.0146964386961284,0.0106689210135233,"10580/1956/7048/54922/4233/10810/5787/10398/25945/1003/6934/2241/5797/2260/5819/10163/29119/9475/83439/7414/5777/117178/51176/2534/57493/5881/6591/55698/58498/4633/81607/6932/2064/999",34
"hsa04934","Human Diseases","Endocrine and metabolic disease","hsa04934","Cushing syndrome","51/2162","155/9373",0.329032258064516,1.42646593655815,2.93142024148466,0.00307988960054581,0.0202226713394329,0.0146807051465937,"1956/2770/9586/1869/111/196883/8322/50940/56246/1870/1395/6934/3739/1583/7481/90993/23236/898/9134/83439/148327/51655/2535/8324/51176/8622/114/1029/109/7855/3164/3709/112/3708/8913/3776/185/7480/1031/1021/1589/8313/7477/3777/3283/8326/7484/6932/7475/776/8912",51
"hsa00650","Metabolism","Carbohydrate metabolism","hsa00650","Butanoate metabolism","13/2162","27/9373",0.481481481481481,2.08738479460034,3.09812179159492,0.00368912107370126,0.0236685727131905,0.0171822669424251,"54988/348158/123876/3033/1962/35/54511/5019/142827/6296/341392/3158/2571",13
"hsa04927","Organismal Systems","Endocrine system","hsa04927","Cortisol synthesis and secretion","25/2162","65/9373",0.384615384615385,1.66743755781684,2.95655096307173,0.00374072269892379,0.0236685727131905,0.0171822669424251,"9586/111/196883/56246/3739/1583/90993/23236/148327/8622/114/109/3164/3709/112/3708/8913/3776/185/190/1589/3777/3283/776/8912",25
"hsa04540","Cellular Processes","Cellular community - eukaryotes","hsa04540","Gap junction","32/2162","89/9373",0.359550561797753,1.55877308775686,2.90007450512885,0.00393021462181978,0.0243188331301732,0.0176543253213599,"983/1956/2770/111/196883/80310/3356/5578/347733/10381/1812/5156/1813/153/23236/84617/2982/84790/114/109/3709/112/1902/3708/56034/5154/347688/2977/5593/113457/112714/1950",32
"hsa05146","Human Diseases","Infectious disease: parasitic","hsa05146","Amoebiasis","36/2162","103/9373",0.349514563106796,1.51526364477336,2.87908497766822,0.00398325715063182,0.0243188331301732,0.0176543253213599,"2774/2920/5295/3908/2921/338382/5578/7099/3909/2335/3914/23236/1511/3915/7414/3554/3569/1277/1288/3315/5275/3910/284217/1285/383/2919/10319/1286/4583/911/3918/3592/3593/1278/1281/909",36
"hsa05030","Human Diseases","Substance dependence","hsa05030","Cocaine addiction","20/2162","49/9373",0.408163265306122,1.76952557156072,2.95710128993983,0.00413983627424914,0.0246604918082064,0.0179023533997869,"2904/2770/4128/9586/1020/111/2354/4129/90993/1812/1813/3725/148327/2906/2903/84152/627/8851/6571/2902",20
"hsa00360","Metabolism","Amino acid metabolism","hsa00360","Phenylalanine metabolism","9/2162","16/9373",0.5625,2.43862742830712,3.15345218086716,0.00418094545024189,0.0246604918082064,0.0179023533997869,"8639/4128/314/4129/218/259307/3242/6898/222",9
"hsa05226","Human Diseases","Cancer: specific types","hsa05226","Gastric cancer","49/2162","150/9373",0.326666666666667,1.41621029910577,2.81364035842092,0.00430689736193545,0.0249800046992256,0.0181343046818335,"1956/7048/1869/2246/4233/8322/5295/2247/5243/581/1870/6258/6934/7481/29119/2252/53358/10000/898/2255/9134/83439/2254/3082/2535/8324/51176/4609/7855/5915/8822/2250/7015/7480/10912/8313/4583/7477/8326/7484/8823/6932/83998/1950/26281/2064/7475/399694/999",49
"hsa04110","Cellular Processes","Cell growth and death","hsa04110","Cell cycle","51/2162","158/9373",0.322784810126582,1.39938114029438,2.77213683312079,0.00476188470152012,0.0271661619037541,0.019721351654268,"9088/9232/995/983/5347/9212/10403/891/991/113130/151648/9133/699/1028/890/1869/8555/8318/57082/9700/9319/81620/23594/701/990/4085/157570/7272/1870/5111/993/4173/4998/51529/1032/894/1111/5519/898/9134/8317/1029/4609/90381/10926/1031/1021/10912/8556/4171/2810",51
"hsa04920","Organismal Systems","Endocrine system","hsa04920","Adipocytokine signaling pathway","26/2162","70/9373",0.371428571428571,1.61026827012026,2.80610899979744,0.00543309335880011,0.0301132048703514,0.0218607657860991,"6517/32/3953/948/3952/5105/9370/5465/10891/2180/8660/6258/7186/2182/5602/10000/4794/51703/8471/6513/7133/3667/9021/81616/5588/57818",26
"hsa00601","Metabolism","Glycan biosynthesis and metabolism","hsa00601","Glycosphingolipid biosynthesis - lacto and neolacto series","13/2162","28/9373",0.464285714285714,2.01283533765032,2.93882986916831,0.00545152846790845,0.0301132048703514,0.0218607657860991,"8708/8703/84002/28/6489/2529/10402/8707/2524/2528/79369/10331/10690",13
"hsa04925","Organismal Systems","Endocrine system","hsa04925","Aldosterone synthesis and secretion","34/2162","98/9373",0.346938775510204,1.50409673582662,2.74673145480156,0.00574869391402906,0.0309667666783106,0.0224804113817137,"4881/5138/477/3991/9586/111/196883/482/5587/5578/1583/90993/8536/23236/148327/478/114/109/493/3164/23683/51305/3709/112/3708/8913/185/1589/3777/3283/491/810/776/8912",34
"hsa05205","Human Diseases","Cancer: overview","hsa05205","Proteoglycans in cancer","63/2162","204/9373",0.308823529411765,1.3388542743647,2.67925039006836,0.00578402251175342,0.0309667666783106,0.0224804113817137,"60495/857/858/4660/1956/22808/2719/4233/3479/8322/5295/287/2247/84309/859/5727/117581/5499/5578/7099/2260/7481/5329/2335/1634/7430/9475/3316/10000/406903/5777/3082/2535/3481/8324/4318/1277/3791/5336/22800/4609/7855/7291/3709/7078/3708/6382/3688/3339/1839/7480/5603/51196/2065/7477/3236/8326/10451/3593/7484/1278/2064/7475",63
"hsa04670","Organismal Systems","Immune system","hsa04670","Leukocyte transendothelial migration","39/2162","116/9373",0.336206896551724,1.4575704169192,2.71517632526854,0.00597426849498054,0.0315006884280792,0.022868013377916,"58494/2770/5010/7122/6387/5295/10411/149461/10398/1003/5175/9071/5578/29119/9075/7430/9475/83700/83692/7414/51208/4318/5336/90952/644672/9080/23562/1366/394/3688/5603/7852/58498/9073/1365/10451/4633/10686/1364",39
"hsa05207","Human Diseases","Cancer: overview","hsa05207","Chemical carcinogenesis - receptor activation","66/2162","217/9373",0.304147465437788,1.31858195816299,2.59982663794028,0.00705320519135408,0.0366345583073316,0.02659496065868,"154/1956/332/6777/2770/2949/9586/1869/111/196883/6776/5295/2247/990/3838/1576/2100/5465/604/9314/6258/5578/6196/2353/993/90993/2252/153/10000/1139/408/3841/2946/2255/3725/148327/2254/6197/114/4609/109/28514/1978/9641/8822/112/2938/2250/155/55584/688/402569/1543/4257/8823/10683/1950/26281/7364/54490/54577/10720/776/7363/1141/5241",66
"hsa04918","Organismal Systems","Endocrine system","hsa04918","Thyroid hormone synthesis","27/2162","75/9373",0.36,1.56072155411656,2.66949645488103,0.00754900027638158,0.0386331190614822,0.0280458214602412,"477/9586/111/2878/196883/486/5172/482/5578/7173/90993/7252/23236/9601/148327/478/114/109/3709/50506/213/112/3708/7253/405753/1081/2877",27
"hsa02010","Environmental Information Processing","Membrane transport","hsa02010","ABC transporters","18/2162","45/9373",0.4,1.73413506012951,2.7029262147353,0.00814310283211493,0.0410695621097971,0.0298145641450432,"10349/10350/10351/340273/23460/225/23461/5243/9429/10060/1080/1672/19/368/8647/1244/154664/26154",18
"hsa04371","Environmental Information Processing","Signal transduction","hsa04371","Apelin signaling pathway","45/2162","140/9373",0.321428571428571,1.39350138760407,2.56853273607516,0.0083490150988762,0.0415065322058417,0.0301317838154931,"440738/6263/2770/5346/3991/22808/2791/111/196883/4638/1958/10891/51764/4842/9759/54331/5140/59/4208/85366/23236/10000/114/6696/22800/109/2788/340156/3709/10365/55970/112/6261/3708/185/6547/2785/4634/94235/7350/4633/5054/6262/810/999",45
"hsa04913","Organismal Systems","Endocrine system","hsa04913","Ovarian steroidogenesis","20/2162","52/9373",0.384615384615385,1.66743755781684,2.64257484333915,0.00900141251955191,0.0430254287780626,0.0312344310548549,"8644/111/3479/3973/196883/654/5321/1583/51478/5743/114/109/112/1081/3294/283748/1543/3283/8681/255189",20
"hsa05031","Human Diseases","Substance dependence","hsa05031","Amphetamine addiction","25/2162","69/9373",0.36231884057971,1.57077451098687,2.6055565426144,0.00906123981516324,0.0430254287780626,0.0312344310548549,"2904/4128/9586/111/2354/2893/5499/6804/4129/5578/2353/90993/1812/3725/148327/2906/2890/2892/2903/84152/23237/810/776/6571/2902",25
"hsa04976","Organismal Systems","Digestive system","hsa04976","Bile secretion","31/2162","90/9373",0.344444444444444,1.49328296844486,2.57465734105594,0.00911271161963011,0.0430254287780626,0.0312344310548549,"477/358/111/6343/6344/196883/1581/486/5243/1576/482/9429/8671/6579/1080/123264/361/478/114/109/112/6513/8647/1244/6523/115072896/7364/54490/54577/10720/7363",31
"hsa04611","Organismal Systems","Immune system","hsa04611","Platelet activation","41/2162","126/9373",0.325396825396825,1.41070510843869,2.54133071507901,0.00914908542981792,0.0430254287780626,0.0312344310548549,"2770/64805/111/83660/196883/5295/7450/4638/5321/5499/85366/7094/23236/8673/9475/10000/2982/1277/5336/114/109/54518/2534/340156/3709/112/3708/3688/5603/10235/283748/2977/8681/5590/255189/5593/1278/1281/2266/2243/2244",41
"hsa04657","Organismal Systems","Immune system","hsa04657","IL-17 signaling pathway","32/2162","94/9373",0.340425531914894,1.47585962564214,2.53885813945641,0.00984919363048306,0.0457002584454414,0.033176231176364,"2920/4322/6356/4312/2354/2921/7186/2353/5602/5743/27190/3725/53342/1440/3627/5596/4318/3569/6354/9641/6374/6372/9618/2919/5603/225689/4314/4586/6364/727897/338324/3934",32
"hsa01521","Human Diseases","Drug resistance: antineoplastic","hsa01521","EGFR tyrosine kinase inhibitor resistance","28/2162","80/9373",0.35,1.51736817761332,2.54456163216314,0.0101117786079284,0.0463013020468301,0.0336125604695681,"1956/9542/4233/3479/5295/80310/2247/581/5578/5156/53358/10000/3570/3082/3569/3791/5336/1978/56034/5154/3084/2065/2261/1950/253314/2064/7039/399694",28
"hsa04072","Environmental Information Processing","Signal transduction","hsa04072","Phospholipase D signaling pathway","47/2162","149/9373",0.315436241610738,1.36752261453166,2.47607497825062,0.0103970422008661,0.0464191791041269,0.0336981336509088,"1956/2914/554/8613/22808/8611/111/196883/5295/80310/2918/5737/10411/3815/5321/3579/5337/5578/10161/8395/5156/23236/53358/10000/552/2205/5336/114/9170/22800/109/2917/1607/2534/9162/112/1902/56034/5154/185/283748/10555/8681/255189/8612/1950/399694",47
"hsa04810","Cellular Processes","Cell motility","hsa04810","Regulation of actin cytoskeleton","69/2162","232/9373",0.297413793103448,1.28938921496698,2.44385658735472,0.0104042987647181,0.0464191791041269,0.0336981336509088,"4629/128239/4660/2934/1956/3679/5063/22808/2246/1073/81553/6387/5295/3680/80310/2247/1072/4638/28984/10398/5499/2260/10298/9459/10163/50649/1730/2335/85366/8395/5156/2252/7430/81624/730/9475/10000/3672/2255/57144/7414/3655/729/2254/9170/22800/89846/340156/55970/8822/1902/3688/2250/56034/5154/5881/7852/58498/10788/1131/2261/10451/4633/8823/3696/1950/26281/1128/2264",69
"hsa05217","Human Diseases","Cancer: specific types","hsa05217","Basal cell carcinoma","23/2162","63/9373",0.365079365079365,1.58274231678487,2.54107935314642,0.0108704241554296,0.0473434662829008,0.0343691225284216,"8322/650/581/5727/6934/7481/8643/83439/2535/8324/64399/51176/7855/2736/2735/7480/10912/8313/7477/8326/7484/6932/7475",23
"hsa04630","Environmental Information Processing","Signal transduction","hsa04630","JAK-STAT signaling pathway","52/2162","168/9373",0.30952380952381,1.34189022510022,2.44836219857448,0.0108835554673335,0.0473434662829008,0.0343691225284216,"3977/85480/3953/1956/2273/6777/2690/3952/3590/6776/5295/1271/316/4352/2670/50615/894/5156/8835/10000/29949/3570/1489/5777/3459/1440/3589/3569/4609/58985/5154/246778/282617/282616/338376/116379/282618/5008/1270/59067/50604/3574/6775/9021/11009/3581/2056/3592/3593/53832/1950/3575",52
"hsa00071","Metabolism","Lipid metabolism","hsa00071","Fatty acid degradation","17/2162","43/9373",0.395348837209302,1.71397069896521,2.56933085174044,0.0113914403147243,0.0489410028336303,0.0355288586814013,"124/33/126/127/125/113612/2180/3033/2182/1962/217/130/10449/35/51703/81616/131",17
